risk_band,customers,avg_predicted_churn_probability,median_predicted_churn_probability,revenue_at_risk_monthly,revenue_at_risk_annual,customer_share
High,309,0.8154797213359415,0.8107002814838035,19478.813082730652,233745.75699276783,0.21930447125621008
Medium,339,0.5560347298492386,0.564462678544741,13310.95093119606,159731.4111743527,0.24059616749467708
Low,761,0.1514906747230358,0.13651374943589645,7399.626422116265,88795.51706539518,0.5400993612491128
