model,accuracy,precision,recall,f1,roc_auc
logistic_regression,0.7991483321504613,0.6521739130434783,0.5213903743315508,0.5794947994056464,0.8422175721408459
random_forest,0.7920511000709723,0.6391752577319587,0.49732620320855614,0.5593984962406015,0.825217649642202
