,accuracy,precision,recall,f1,roc_auc
logistic_tuned,0.7991483321504613,0.6472491909385113,0.5347593582887701,0.5856515373352855,0.8408897155700223
rf_tuned,0.7601135557132718,0.5327272727272727,0.7834224598930482,0.6341991341991342,0.84494432819241
